"Контент ID","URL","Запрос","Показы","Клики","CTR","Средняя позиция"
"police-no-response","/razbory/politsiya-ne-otvechaet-na-zayavlenie/","полиция не отвечает на заявление что делать","4","0","","9.5"
"police-no-response","/razbory/politsiya-ne-otvechaet-na-zayavlenie/","если есть талон - уведомления с датой регистрации, а прошло более месяца, нет ответа от полиции на моё заявление, что делать?","1","0","","10"
"police-no-response","/razbory/politsiya-ne-otvechaet-na-zayavlenie/","написала заявление в полицию но нет ответа","1","0","","19"
"police-no-response","/razbory/politsiya-ne-otvechaet-na-zayavlenie/","ответ от полиции нет ответа","1","0","","9"
"police-no-response","/razbory/politsiya-ne-otvechaet-na-zayavlenie/","почему полиция не реагирует на заявление гражданина рф кусп есть , уже прошло три месяца с подачи зпявления","1","0","","2"
"police-no-response","/razbory/politsiya-ne-otvechaet-na-zayavlenie/","срок проверки кусп истек что делать","1","0","","14"
"police-no-response","/razbory/politsiya-ne-otvechaet-na-zayavlenie/","что предпринять если мвд не ответило в тридцатидневный срок","1","0","","7"
"unpaid-services-without-contract","/razbory/zakazchik-ne-oplatil-rabotu-bez-dogovora/","заказчик не заплатил за работу без договора что делать","3","0","","10.67"
"unpaid-services-without-contract","/razbory/zakazchik-ne-oplatil-rabotu-bez-dogovora/","если заказчик не оплатил выполненную работу без договора что делать","1","0","","8"
"unpaid-services-without-contract","/razbory/zakazchik-ne-oplatil-rabotu-bez-dogovora/","заказчик не заплатил за работу без договора как написать простыми словами","1","0","","11"
"unpaid-services-without-contract","/razbory/zakazchik-ne-oplatil-rabotu-bez-dogovora/","что делать если заказчик не оплатил работу без договора","1","0","","9"
"unpaid-services-without-contract","/razbory/zakazchik-ne-oplatil-rabotu-bez-dogovora/","что делать если заказчик не оплачивает работу без договора","1","0","","12"
"autoservice-poor-painting","/razbory/plokho-pokrasili-mashinu-v-avtoservise/","что делать если плохо покрасили машину","9","1","11.11%","5.11"
"autoservice-poor-painting","/razbory/plokho-pokrasili-mashinu-v-avtoservise/","плохо покрасили машину в гаражах что делать","4","1","25.00%","6"
"autoservice-poor-painting","/razbory/plokho-pokrasili-mashinu-v-avtoservise/","человек покрасил авто не качественные услуги как его можно наказать","4","0","","11.25"
"autoservice-poor-painting","/razbory/plokho-pokrasili-mashinu-v-avtoservise/","машину в сервисе неудачно покрасили не попали в цвет что делать","3","1","33.33%","4.33"
"autoservice-poor-painting","/razbory/plokho-pokrasili-mashinu-v-avtoservise/","плохо покрасили машину что делать","3","0","","3"
"autoservice-poor-painting","/razbory/plokho-pokrasili-mashinu-v-avtoservise/","если плохо покрасили авто что делать","2","1","50.00%","14"
"autoservice-poor-painting","/razbory/plokho-pokrasili-mashinu-v-avtoservise/","как вернуть деньги за некачественную покраску в автосервисе","2","1","50.00%","7.5"
"autoservice-poor-painting","/razbory/plokho-pokrasili-mashinu-v-avtoservise/","частник покрасили машину как сделать чтобы переделали или вернули деньги чеков нет","2","1","50.00%","9.5"
"autoservice-poor-painting","/razbory/plokho-pokrasili-mashinu-v-avtoservise/","если авто покрашено в круг но некоторые элементы отличаются друг от друга можно ли вернуть деньги у гаражного маляра","2","0","","10.5"
"autoservice-poor-painting","/razbory/plokho-pokrasili-mashinu-v-avtoservise/","если машину плохо покрасили накосячили стоит ли отдавать всю сумму денег","2","0","","3.5"
"autoservice-poor-painting","/razbory/plokho-pokrasili-mashinu-v-avtoservise/","если машину покрасили некачественно возможно ли вернуть деньги","2","0","","13"
"autoservice-poor-painting","/razbory/plokho-pokrasili-mashinu-v-avtoservise/","если плохо покрасили авто","2","0","","6.5"
"autoservice-poor-painting","/razbory/plokho-pokrasili-mashinu-v-avtoservise/","здал машину в покраску меня не устраивает как покрасили а деньги взяли как заставить перекрасить нету нарядзаказа","2","0","","9"
"autoservice-poor-painting","/razbory/plokho-pokrasili-mashinu-v-avtoservise/","как вернуть деньги если покрасили бракованной краской","2","0","","10"
"autoservice-poor-painting","/razbory/plokho-pokrasili-mashinu-v-avtoservise/","как вернуть деньги за некачественную покраску автомобиля","2","0","","7"
"autoservice-poor-painting","/razbory/plokho-pokrasili-mashinu-v-avtoservise/","как написать что автомобиль некачественно крашен","2","0","","8"
"autoservice-poor-painting","/razbory/plokho-pokrasili-mashinu-v-avtoservise/","как подать в суд если машину плохо покрасили","2","0","","6"
"autoservice-poor-painting","/razbory/plokho-pokrasili-mashinu-v-avtoservise/","как правильно написать претензию на сто что плохо покрасили с сылаясь на гниль деталей. но детали не гнилые.","2","0","","6.5"
"autoservice-poor-painting","/razbory/plokho-pokrasili-mashinu-v-avtoservise/","клиент не доволен покраской авто как его отправить","2","0","","5.5"
"autoservice-poor-painting","/razbory/plokho-pokrasili-mashinu-v-avtoservise/","мастер испортил авто при покраске что делать если нет договора на покраску","2","0","","5.5"
"autoservice-poor-painting","/razbory/plokho-pokrasili-mashinu-v-avtoservise/","неудачно покрасил авто как переделать","2","0","","10.5"
"autoservice-poor-painting","/razbory/plokho-pokrasili-mashinu-v-avtoservise/","отвратительно покрасили машину деньги не отдали , куда обратиться ?","2","0","","7"
"autoservice-poor-painting","/razbory/plokho-pokrasili-mashinu-v-avtoservise/","плохо покрасили авто что делать","2","0","","3"
"autoservice-poor-painting","/razbory/plokho-pokrasili-mashinu-v-avtoservise/","плохо покрасили автомобиль,как вернуть деньги за работу","2","0","","6"
"autoservice-poor-painting","/razbory/plokho-pokrasili-mashinu-v-avtoservise/","плохо покрасили машину","2","0","","7"
"autoservice-poor-painting","/razbory/plokho-pokrasili-mashinu-v-avtoservise/","покрасил машину а заказчик не стал платить он не понес убытков но теперь требует с меня оплаты за переделку в стороннем сервисе. законно ли это","2","0","","12.5"
"autoservice-poor-painting","/razbory/plokho-pokrasili-mashinu-v-avtoservise/","сервис машину покрасили не в тон, говорят что в допуске, что делать","2","0","","3.5"
"autoservice-poor-painting","/razbory/plokho-pokrasili-mashinu-v-avtoservise/","что делать если мастер по окраске авто испортил машину оставив следы полировки","2","0","","4"
"autoservice-poor-painting","/razbory/plokho-pokrasili-mashinu-v-avtoservise/","что делать если машину плохо покрасили а деньги уже отдали","2","0","","8.5"
"autoservice-poor-painting","/razbory/plokho-pokrasili-mashinu-v-avtoservise/","что делать если не устраивает качество покраски автомобиля","2","0","","10"
"autoservice-poor-painting","/razbory/plokho-pokrasili-mashinu-v-avtoservise/","что делать если плохо покрасили капот","2","0","","6"
"autoservice-poor-painting","/razbory/plokho-pokrasili-mashinu-v-avtoservise/","что делать если по гарантии плохо покрасили","2","0","","8.5"
"autoservice-poor-painting","/razbory/plokho-pokrasili-mashinu-v-avtoservise/","что делать если покрасили плохо машину","2","0","","3"
"autoservice-poor-painting","/razbory/plokho-pokrasili-mashinu-v-avtoservise/","если в автосервисе по покраске одного элемента повредили другой элемент","1","1","100.00%","4"
"autoservice-poor-painting","/razbory/plokho-pokrasili-mashinu-v-avtoservise/","как вернуть деньги за плохо выполненную покраску машины","1","1","100.00%","4"
"autoservice-poor-painting","/razbory/plokho-pokrasili-mashinu-v-avtoservise/","покрасили крышу авто с кратерами как вернуть деньги и куда обращаться","1","1","100.00%","6"
"autoservice-poor-painting","/razbory/plokho-pokrasili-mashinu-v-avtoservise/","авто на покраске долго, что делать до судебно","1","0","","9"
"autoservice-poor-painting","/razbory/plokho-pokrasili-mashinu-v-avtoservise/","автомобиль долго стоит на покраске что делать до судебно","1","0","","6"
"autoservice-poor-painting","/razbory/plokho-pokrasili-mashinu-v-avtoservise/","автосервис без спроса покрасили другую деталь форум","1","0","","17"
"autoservice-poor-painting","/razbory/plokho-pokrasili-mashinu-v-avtoservise/","в автосервисе говорят что покра","1","0","","11"
"autoservice-poor-painting","/razbory/plokho-pokrasili-mashinu-v-avtoservise/","в автосервисе ужасно покрасили крыло и говорят, за такие деньги что вы хотите","1","0","","7"
"autoservice-poor-painting","/razbory/plokho-pokrasili-mashinu-v-avtoservise/","в автосерсрвисе ужасно покрасили крыло и глворят, за такие деньги что вы хотите","1","0","","5"
"autoservice-poor-painting","/razbory/plokho-pokrasili-mashinu-v-avtoservise/","в течение какого времени можно предъявить претензии сервису о покраске детали если они попали в цвет цвет и деталь другого цвета","1","0","","7"
"autoservice-poor-painting","/razbory/plokho-pokrasili-mashinu-v-avtoservise/","вчера покрасил авто сегодня увидел недостатки можно ли докрасить сегодня","1","0","","3"
"autoservice-poor-painting","/razbory/plokho-pokrasili-mashinu-v-avtoservise/","если деталь авто плохо покрасили перекрасить можно","1","0","","8"
"autoservice-poor-painting","/razbory/plokho-pokrasili-mashinu-v-avtoservise/","если на заводе окрасили автомобиль слоем краски меньше чем положено что можно потребовать от завода","1","0","","8"
"autoservice-poor-painting","/razbory/plokho-pokrasili-mashinu-v-avtoservise/","если на сервисе плохо покрасили капот как переделывать","1","0","","9"
"autoservice-poor-painting","/razbory/plokho-pokrasili-mashinu-v-avtoservise/","если плохо покрасили автомобиль в сервисе","1","0","","3"
"autoservice-poor-painting","/razbory/plokho-pokrasili-mashinu-v-avtoservise/","если покрасили не в тон элемент авто можно вернуть деньги","1","0","","3"
"autoservice-poor-painting","/razbory/plokho-pokrasili-mashinu-v-avtoservise/","здал машину в покраску меня не устраивает как покрасили а деньги взяли как заставить перекрасить","1","0","","10"
"seller-disappeared-after-payment","/razbory/prodavets-propal-posle-perevoda/","потерянные 16000 рублей что делать если продавец исчез после оплаты","1","0","","4"
"seller-disappeared-after-payment","/razbory/prodavets-propal-posle-perevoda/","пропал продавец после предоплаты возможности и важность обращения в полицию","1","0","","2"
"trademark-claim-marketplace","/razbory/pretenziya-za-tovarnyy-znak-na-marketpleyse/","пример претензии о неправомерном использовании товарного знака на маркетплейсе валдберис","1","0","","13"
"theft-police-statement","/razbory/zayavlenie-v-politsiyu-o-krazhe/","как правильно в заявление назвать украденные вещи","4","0","","8.5"
"theft-police-statement","/razbory/zayavlenie-v-politsiyu-o-krazhe/","что писать в заявление о краже","1","0","","10"
"ozon-lost-goods-logistics","/razbory/ozon-poteryal-tovar-ili-nachislil-lishnyuyu-logistiku/","как на озоне попросить компенсировать за логистику ошибочно неверные занесенные габариты","1","0","","11"
"ozon-lost-goods-logistics","/razbory/ozon-poteryal-tovar-ili-nachislil-lishnyuyu-logistiku/","озон потерял товары, не успели оспорить акт приемки что делать","1","0","","13"
"medical-error-first-steps","/razbory/vrachebnaya-oshibka-pri-rodah-s-chego-nachat/","как доказать врачебную ошибку акушера гинеколога при родах","1","0","","11"
"medical-error-first-steps","/razbory/vrachebnaya-oshibka-pri-rodah-s-chego-nachat/","как доказать врачебную ошибку при родах","1","0","","6"
"medical-error-first-steps","/razbory/vrachebnaya-oshibka-pri-rodah-s-chego-nachat/","что делать если была врачебная ошибка во время родов что повлияло на ребенка","1","0","","4"
"medical-error-first-steps","/razbory/vrachebnaya-oshibka-pri-rodah-s-chego-nachat/","что можно высудить при врачебной ошибке при родах.","1","0","","9"
"designer-infographic-exclusive-rights","/razbory/dogovor-s-dizaynerom-peredacha-prav-na-infografiku/","адаптация макета заказчика возникает ли исключительное право формулировка в договоре","2","0","","4.5"
"designer-infographic-exclusive-rights","/razbory/dogovor-s-dizaynerom-peredacha-prav-na-infografiku/","договор на оказание услуг инфографики","2","0","","5.5"
"designer-infographic-exclusive-rights","/razbory/dogovor-s-dizaynerom-peredacha-prav-na-infografiku/","договор на оказание услуг дизайна инфографики","1","1","100.00%","4"
"designer-infographic-exclusive-rights","/razbory/dogovor-s-dizaynerom-peredacha-prav-na-infografiku/","договор на оказание услуг дизайнера инфографики","1","1","100.00%","4"
"designer-infographic-exclusive-rights","/razbory/dogovor-s-dizaynerom-peredacha-prav-na-infografiku/","договор по которому право собственности на инфографику переходит к заказчику","1","1","100.00%","2"
"designer-infographic-exclusive-rights","/razbory/dogovor-s-dizaynerom-peredacha-prav-na-infografiku/","инфографика на маркетплейсе авторские права","1","1","100.00%","9"
"designer-infographic-exclusive-rights","/razbory/dogovor-s-dizaynerom-peredacha-prav-na-infografiku/",". дизайнер создает уникальный векторный паттерн для ткани и передает на него права. какой это тип договора","1","0","","13"
"designer-infographic-exclusive-rights","/razbory/dogovor-s-dizaynerom-peredacha-prav-na-infografiku/","адаптация макета заказчика возникает ли исключительное право","1","0","","7"
"designer-infographic-exclusive-rights","/razbory/dogovor-s-dizaynerom-peredacha-prav-na-infografiku/","договор авторского заказа с дизайнером","1","0","","9"
"designer-infographic-exclusive-rights","/razbory/dogovor-s-dizaynerom-peredacha-prav-na-infografiku/","договор на инфографику","1","0","","6"
"designer-infographic-exclusive-rights","/razbory/dogovor-s-dizaynerom-peredacha-prav-na-infografiku/","договор на оказание услуг дизайнера инфографика","1","0","","3"
"designer-infographic-exclusive-rights","/razbory/dogovor-s-dizaynerom-peredacha-prav-na-infografiku/","договор о передаче авторских прав с дизайнером","1","0","","13"
"designer-infographic-exclusive-rights","/razbory/dogovor-s-dizaynerom-peredacha-prav-na-infografiku/","договор оказания услуг по инфографике между заказчиком и исполнителем","1","0","","5"
"designer-infographic-exclusive-rights","/razbory/dogovor-s-dizaynerom-peredacha-prav-na-infografiku/","документы для дизайнера инфографики","1","0","","2"
"designer-infographic-exclusive-rights","/razbory/dogovor-s-dizaynerom-peredacha-prav-na-infografiku/","должен ли графический дизайнер юридически оформлять работы","1","0","","11"
"designer-infographic-exclusive-rights","/razbory/dogovor-s-dizaynerom-peredacha-prav-na-infografiku/","если заказчик передает макет а исполнитель адаптирует его, возникает ли исключительное право","1","0","","13"
"designer-infographic-exclusive-rights","/razbory/dogovor-s-dizaynerom-peredacha-prav-na-infografiku/","как в договоре дизайна прописать передаёт исключительное право заказчику","1","0","","12"
"designer-infographic-exclusive-rights","/razbory/dogovor-s-dizaynerom-peredacha-prav-na-infografiku/","как дизайнеру инфографики защитить свои работы","1","0","","4"
"designer-infographic-exclusive-rights","/razbory/dogovor-s-dizaynerom-peredacha-prav-na-infografiku/","как называется договор у графических дизайнеров где прописаны все стили шрифты и так далее","1","0","","7"
"designer-infographic-exclusive-rights","/razbory/dogovor-s-dizaynerom-peredacha-prav-na-infografiku/","как обычно оформляются договоры с точки зрения интеллектуальных прав после работы дизайнера","1","0","","6"
"designer-infographic-exclusive-rights","/razbory/dogovor-s-dizaynerom-peredacha-prav-na-infografiku/","как правильно подписывать авторство инфографики","1","0","","2"
"designer-infographic-exclusive-rights","/razbory/dogovor-s-dizaynerom-peredacha-prav-na-infografiku/","как прописать передачу прав рид в договоре на дизайн макет","1","0","","3"
"designer-infographic-exclusive-rights","/razbory/dogovor-s-dizaynerom-peredacha-prav-na-infografiku/","какие документы нужно предоставить заказчику если ты работаешь дизайнером инфографик для маркетплейсов","1","0","","3"
"designer-infographic-exclusive-rights","/razbory/dogovor-s-dizaynerom-peredacha-prav-na-infografiku/","какие требования должен выдвинуть дизайнер инфографики заказчику","1","0","","10"
"designer-infographic-exclusive-rights","/razbory/dogovor-s-dizaynerom-peredacha-prav-na-infografiku/","может ли дизайнер выкладывать портфолио при исключительной и неисключительной лицензии после передачи макета заказчику","1","0","","10"
"designer-infographic-exclusive-rights","/razbory/dogovor-s-dizaynerom-peredacha-prav-na-infografiku/","передача заказчику по (исходников) без права изменения или передачи как называется","1","0","","5"
"designer-infographic-exclusive-rights","/razbory/dogovor-s-dizaynerom-peredacha-prav-na-infografiku/","передача макетов в psd по слоям и отчуждение исключительных прав на созданные объекты интеллектуальной собственности,","1","0","","12"
"designer-infographic-exclusive-rights","/razbory/dogovor-s-dizaynerom-peredacha-prav-na-infografiku/","проект дизайнера когда передаются исключительные права нужно ли ставить на баланс?","1","0","","9"
"designer-infographic-exclusive-rights","/razbory/dogovor-s-dizaynerom-peredacha-prav-na-infografiku/","работа с дизайнером как передать права на результат деятельности дизайнера","1","0","","7"
"designer-infographic-exclusive-rights","/razbory/dogovor-s-dizaynerom-peredacha-prav-na-infografiku/","условия договора с дизайнером о переходе прав на результаты интеллектуальной деятельности","1","0","","1"
"designer-infographic-exclusive-rights","/razbory/dogovor-s-dizaynerom-peredacha-prav-na-infografiku/","что означает авторское право инфографика","1","0","","8"
"designer-infographic-exclusive-rights","/razbory/dogovor-s-dizaynerom-peredacha-prav-na-infografiku/","является ли договор с дизайнером авторским правом?","1","0","","7"
"yandex-delivery-lost-parcel","/razbory/yandeks-dostavka-poteryala-posylku/","что делать если яндекс доставка потеряла посылку","18","0","","10.31"
"yandex-delivery-lost-parcel","/razbory/yandeks-dostavka-poteryala-posylku/","яндекс доставка потеряла посылку что делать","17","0","","9.88"
"yandex-delivery-lost-parcel","/razbory/yandeks-dostavka-poteryala-posylku/","потеряли посылку в яндекс доставке что делать","8","1","12.50%","11.11"
"yandex-delivery-lost-parcel","/razbory/yandeks-dostavka-poteryala-posylku/","если яндекс доставка потеряла посылку что делать","8","0","","10.63"
"yandex-delivery-lost-parcel","/razbory/yandeks-dostavka-poteryala-posylku/","яндекс потерял посылку что делать","8","0","","11.13"
"yandex-delivery-lost-parcel","/razbory/yandeks-dostavka-poteryala-posylku/","потерялась посылка яндекс доставка что делать","7","0","","10.57"
"yandex-delivery-lost-parcel","/razbory/yandeks-dostavka-poteryala-posylku/","куда нужно обратиться если яндекс доставка потеряли заказ￼","5","0","","10.4"
"yandex-delivery-lost-parcel","/razbory/yandeks-dostavka-poteryala-posylku/","яндекс доставка потеряли посылку что делать","5","0","","8.8"
"yandex-delivery-lost-parcel","/razbory/yandeks-dostavka-poteryala-posylku/","потеряли посылку яндекс доставка что делать","4","0","","10.5"
"yandex-delivery-lost-parcel","/razbory/yandeks-dostavka-poteryala-posylku/","пропала посылка в яндекс доставке что делать","4","0","","9.98"
"yandex-delivery-lost-parcel","/razbory/yandeks-dostavka-poteryala-posylku/","может ли яндекс доставка потерять посылку в доставке межгород","3","1","33.33%","23"
"yandex-delivery-lost-parcel","/razbory/yandeks-dostavka-poteryala-posylku/","потеряна посылка яндекс доставка что делать","3","1","33.33%","7.6"
"yandex-delivery-lost-parcel","/razbory/yandeks-dostavka-poteryala-posylku/","что делать если яндекс потерял посылку","3","1","33.33%","10.67"
"yandex-delivery-lost-parcel","/razbory/yandeks-dostavka-poteryala-posylku/","что делать если заказ яндекс доставка потерялся","3","0","","7.67"
"yandex-delivery-lost-parcel","/razbory/yandeks-dostavka-poteryala-posylku/","яндекс доставка пропала посылка что делать","3","0","","9.67"
"yandex-delivery-lost-parcel","/razbory/yandeks-dostavka-poteryala-posylku/","яндекс доставка теряет посылки","3","0","","11.67"
"yandex-delivery-lost-parcel","/razbory/yandeks-dostavka-poteryala-posylku/","как возмещается стоимость потерянной посылки яндекс доставка","2","1","50.00%","10.5"
"yandex-delivery-lost-parcel","/razbory/yandeks-dostavka-poteryala-posylku/","потерялась посылка яндекс","2","1","50.00%","7"
"yandex-delivery-lost-parcel","/razbory/yandeks-dostavka-poteryala-posylku/","возместить потерю посылки яндекс","2","0","","9.5"
"yandex-delivery-lost-parcel","/razbory/yandeks-dostavka-poteryala-posylku/","возмещение утерянной посылки от яндекс","2","0","","11.5"
"yandex-delivery-lost-parcel","/razbory/yandeks-dostavka-poteryala-posylku/","если при отправке вещей яндекс доставкой вещи утеряны есть смысл написать заявление","2","0","","11"
"yandex-delivery-lost-parcel","/razbory/yandeks-dostavka-poteryala-posylku/","если яндекс потерял посылку что делать","2","0","","11.5"
"yandex-delivery-lost-parcel","/razbory/yandeks-dostavka-poteryala-posylku/","как можно забрать компенсацию с яндекс за утерянную посылку на доставке","2","0","","10.5"
"yandex-delivery-lost-parcel","/razbory/yandeks-dostavka-poteryala-posylku/","как получить видео подтверждающее прием вещей в пункте яндекс доставки для подтверждения в суде","2","0","","11"
"yandex-delivery-lost-parcel","/razbory/yandeks-dostavka-poteryala-posylku/","можно ли написать заявление в полицию при утере заказа в яндекс","2","0","","9.5"
"yandex-delivery-lost-parcel","/razbory/yandeks-dostavka-poteryala-posylku/","потерялась посылка в яндекс доставке что делать","2","0","","11"
"yandex-delivery-lost-parcel","/razbory/yandeks-dostavka-poteryala-posylku/","потерялась посылка яндекс доставка,что делать","2","0","","8.5"
"yandex-delivery-lost-parcel","/razbory/yandeks-dostavka-poteryala-posylku/","потерялись вещи в яндекс.доставке наши действия как потребителей","2","0","","8"
"yandex-delivery-lost-parcel","/razbory/yandeks-dostavka-poteryala-posylku/","потеряна посылка яндекс доставка","2","0","","11"
"yandex-delivery-lost-parcel","/razbory/yandeks-dostavka-poteryala-posylku/","реквизиты для направления претензии в яндекс доставку","2","0","","9.5"
"yandex-delivery-lost-parcel","/razbory/yandeks-dostavka-poteryala-posylku/","трудно ли получить страховку от яндекс доставки при утрате посылки","2","0","","9.5"
"yandex-delivery-lost-parcel","/razbory/yandeks-dostavka-poteryala-posylku/","что делать если посылка потерялась в яндексе без страховки","2","0","","11.5"
"yandex-delivery-lost-parcel","/razbory/yandeks-dostavka-poteryala-posylku/","что делать если яндекс доставка потерял вещи на 100к","2","0","","9"
"yandex-delivery-lost-parcel","/razbory/yandeks-dostavka-poteryala-posylku/","что делать если яндекс доставка потеряло посылку","2","0","","9"
"yandex-delivery-lost-parcel","/razbory/yandeks-dostavka-poteryala-posylku/","яндекс доставка курьер пропала посылка что делать","2","0","","8"
"yandex-delivery-lost-parcel","/razbory/yandeks-dostavka-poteryala-posylku/","яндекс доставка потеряла мою посылку что делать","2","0","","10.5"
"yandex-delivery-lost-parcel","/razbory/yandeks-dostavka-poteryala-posylku/","яндекс доставка потеряли заказ что делать","2","0","","11.5"
"yandex-delivery-lost-parcel","/razbory/yandeks-dostavka-poteryala-posylku/","яндекс потерял посылку куда писать","2","0","","11.5"
"yandex-delivery-lost-parcel","/razbory/yandeks-dostavka-poteryala-posylku/","что делать если яндекс потерял посылку нет чека нет фото","1","1","100.00%","6"
"yandex-delivery-lost-parcel","/razbory/yandeks-dostavka-poteryala-posylku/","яндекс доставка не хотят отправить посылку утерянную","1","1","100.00%","25"
"yandex-delivery-lost-parcel","/razbory/yandeks-dostavka-poteryala-posylku/","яндекс доставка потеряли посылку","1","1","100.00%","10"
"yandex-delivery-lost-parcel","/razbory/yandeks-dostavka-poteryala-posylku/","яндекс потерял посылку","1","1","100.00%","1"
"yandex-delivery-lost-parcel","/razbory/yandeks-dostavka-poteryala-posylku/","]яндекс доставка розыск посылки","1","0","","10"
"yandex-delivery-lost-parcel","/razbory/yandeks-dostavka-poteryala-posylku/","видна ли оценочная стоимость получателю при отправки через яндекс доставку","1","0","","9"
"yandex-delivery-lost-parcel","/razbory/yandeks-dostavka-poteryala-posylku/","возмещение яндекс товара утерянного при доставке","1","0","","11"
"yandex-delivery-lost-parcel","/razbory/yandeks-dostavka-poteryala-posylku/","возмещение яндекс товара частично утерянного при доставке","1","0","","9"
"yandex-delivery-lost-parcel","/razbory/yandeks-dostavka-poteryala-posylku/","вто делатт если во воемя яндекс доставки товары потеряли.","1","0","","11"
"yandex-delivery-lost-parcel","/razbory/yandeks-dostavka-poteryala-posylku/","где в яндекс доставка страхование и возмещение ущерба","1","0","","9"
"yandex-delivery-lost-parcel","/razbory/yandeks-dostavka-poteryala-posylku/","делают ли опись при доставке яндекс","1","0","","3"
"yandex-delivery-lost-parcel","/razbory/yandeks-dostavka-poteryala-posylku/","досудебная претензия яндекс доставке","1","0","","10"
"house-construction-contractor-refund","/razbory/podryadchik-ne-postroil-dom-posle-oplaty/","заплатили за строительство дома а дом не строится что делать","2","2","100.00%","2"
"house-construction-contractor-refund","/razbory/podryadchik-ne-postroil-dom-posle-oplaty/","претензия не начали строить дом защита потребителя","2","1","50.00%","11"
"house-construction-contractor-refund","/razbory/podryadchik-ne-postroil-dom-posle-oplaty/","как наказать строителя который деньги взял а дом не построил и скрывается","2","0","","6"
"house-construction-contractor-refund","/razbory/podryadchik-ne-postroil-dom-posle-oplaty/","не построили дом что делать","2","0","","8"
"house-construction-contractor-refund","/razbory/podryadchik-ne-postroil-dom-posle-oplaty/","обманули на счёт постройки дома деньги взяли дом не построили как правильно писать в прокуратуру заявление","2","0","","11"
"house-construction-contractor-refund","/razbory/podryadchik-ne-postroil-dom-posle-oplaty/","строительная компания взяла денег на постройку дома и не построила куда жаловаться","2","0","","6"
"house-construction-contractor-refund","/razbory/podryadchik-ne-postroil-dom-posle-oplaty/","что делать если подрядчик потратил все деньги а дом не построен","2","0","","3"
"house-construction-contractor-refund","/razbory/podryadchik-ne-postroil-dom-posle-oplaty/","если есть договор на строительство дома но тебе его не построили, к какому юристу обращаться","1","0","","8"
"house-construction-contractor-refund","/razbory/podryadchik-ne-postroil-dom-posle-oplaty/","если подрядчик который строит дом не хочет светить сумму сделки как мне вносить суммы","1","0","","6"
"house-construction-contractor-refund","/razbory/podryadchik-ne-postroil-dom-posle-oplaty/","если подрядчик не достроил дом и получил полностью дом надо ли ему возвращать дом при взыскании убытков","1","0","","10"
"house-construction-contractor-refund","/razbory/podryadchik-ne-postroil-dom-posle-oplaty/","заключили контракт на постройку дома с физ лицом. в контракте прописана сумма и что должно быть построено. лицо отказывается строить прсит еще денег что делать","1","0","","9"
"house-construction-contractor-refund","/razbory/podryadchik-ne-postroil-dom-posle-oplaty/","исполнитель взял деньги и отказывается строить дом","1","0","","7"
"house-construction-contractor-refund","/razbory/podryadchik-ne-postroil-dom-posle-oplaty/","как написать заявление в умвд на подрядчика строительства дома","1","0","","4"
"house-construction-contractor-refund","/razbory/podryadchik-ne-postroil-dom-posle-oplaty/","как написать заявление на человека с который обещал построить дом и не построил деньги взял и исчез","1","0","","6"
"house-construction-contractor-refund","/razbory/podryadchik-ne-postroil-dom-posle-oplaty/","как поступить если строители получили предоплату а объект так и нетпостроен","1","0","","5"
"house-construction-contractor-refund","/razbory/podryadchik-ne-postroil-dom-posle-oplaty/","можно ли вернуть деньги за тп если строительство не состоялось","1","0","","12"
"house-construction-contractor-refund","/razbory/podryadchik-ne-postroil-dom-posle-oplaty/","можно ли отказаться от услуг строительства, если договор заключен, но работы не начинались","1","0","","6"
"house-construction-contractor-refund","/razbory/podryadchik-ne-postroil-dom-posle-oplaty/","написали заявление о договоре на строительство уплатили деньги не построек не денег что делать","1","0","","4"
"house-construction-contractor-refund","/razbory/podryadchik-ne-postroil-dom-posle-oplaty/","не выполнен договор на строительство между частными лицами куда обратиться","1","0","","10"
"house-construction-contractor-refund","/razbory/podryadchik-ne-postroil-dom-posle-oplaty/","подрядчик не построил вовремя жилой частный дом неустойка по какой статье и размер","1","0","","8"
"house-construction-contractor-refund","/razbory/podryadchik-ne-postroil-dom-posle-oplaty/","подрядчик не построил дом заявление на мошенничество","1","0","","8"
"house-construction-contractor-refund","/razbory/podryadchik-ne-postroil-dom-posle-oplaty/","подрядчик не построил частный дом в срок должен ди он платить не устойку процент","1","0","","7"
"house-construction-contractor-refund","/razbory/podryadchik-ne-postroil-dom-posle-oplaty/","подрядчик отказался строить тк нет уведомления какого можно попросить построить балахна","1","0","","7"
"house-construction-contractor-refund","/razbory/podryadchik-ne-postroil-dom-posle-oplaty/","подрядчик построил дом не по проекту: можно ли расторгнуть договор и вернуть деньги?","1","0","","2"
"house-construction-contractor-refund","/razbory/podryadchik-ne-postroil-dom-posle-oplaty/","подрядчик требует отказаться от дома и рассчитывается наличными что делать","1","0","","10"
"house-construction-contractor-refund","/razbory/podryadchik-ne-postroil-dom-posle-oplaty/","работали на стройке построили частный дом и не оплатили как можно вернуть деньги","1","0","","5"
"house-construction-contractor-refund","/razbory/podryadchik-ne-postroil-dom-posle-oplaty/","сформулируй что подрядчик взял деньги и не строит, а банк навстречу не идет","1","0","","11"
"house-construction-contractor-refund","/razbory/podryadchik-ne-postroil-dom-posle-oplaty/","фундамент установили но подрядчик не строит дом что","1","0","","3"
"house-construction-contractor-refund","/razbory/podryadchik-ne-postroil-dom-posle-oplaty/","что делать если подрядчик потратил кредитные деньги а частный дом не построен","1","0","","10"
