"Запрос","Показы","Клики","Средняя позиция"
"досудебное урегулирование споров химки","26","0","5.42"
"как правильно расторгнуть договор со строительной фирмой если она не хочет строить дом","7","0","8.86"
"яндекс доставка потеряла посылку что делать","6","0","11.33"
"нарушение товарного знака на маркетплейсе gpg.ru/magazine/trademark/tovarnyy-znak-dlya-marketpleysov-ozon-i-wildberries.html","6","0","8.17"
"услуга яндекс доставка, утеря отправления, при отправке стоимость отправления учтена не была, цена утерянного управления возможно подтвердить товарным и кассовым чеком","5","1","9"
"плохо покрасили машину что делать","5","0","8.2"
"юрист досудебное урегулирование","5","0","16.2"
"юрист по досудебному урегулированию","4","0","16.75"
"плохо покрасили авто как поступить дальше","3","0","4.33"
"оплатили то, что не построено какая ответственность","3","0","9.67"
"учеридителя яндекс доставка не полюдчиняеться не кому . посылки теряются. горячей оии нет . ущербне выпоасюсивают","3","1","9"
"юрист по досудебному урегулированию споров","3","0","15.67"
"плохо покрасили в автосервисе как заставить перекрашивать","3","0","4"
"как вернуть деньги за некачественную покраску в автосервисе","3","0","6.33"
"заявление в полицию на не выполнение договора на строительные работы","3","0","12"
"если дилер ссылается на «ожидание запчастей» — это не продлевает срок и не является уважительной причиной:","3","0","5"
"что делают, если исправить, когда подрезали машину.. я про покраску или что-то того","2","0","5.5"
"плохая покраска авто","2","0","9.5"
"могу я вернуть деньги по договору строительства садового дома если работы еще не начались","2","0","7"
"яндекс доставка теряет посылки","2","1","20"
"что делать если плохо покрасили машину","2","0","7"
"досудебная претензия яндекс доставка","2","0","16.5"
"подрядчик отказался от строительства дома и не вернул аванс, какая неустойка начисляется","2","1","7"
"яндекс потеряли посылку и нет документов подтверждающих стоимость","2","0","11"
"утеря доставки яндекс доставкой","2","0","10.5"
"что делать если дилер плохо покрасил авто","2","0","10"
"яндекс доставка потеряла мои коробки что мне делать","2","0","10"
"что делать если строительство своего дома встал из за отсутствия материала и денег","2","0","5"
"яндекс доставка потерялась посылка что работать","2","0","11"
"можно ли узнать номер кусп если сразу не дали","2","0","10.5"
"как написать заявление о мошенничестве подрядчика при строительстве дома","2","0","10.5"
"подрядная организация не приступает к работам по строительству, постоянно ищет причины","2","0","12"
"массовые потери посылок у яндекс доставки","2","0","11"
"потерялась посылка яндекс доставка что делать","2","0","7.5"
"плохо покрасили машину","2","0","5.5"
"плохо покрасили и отполировали машину что делать по закону","2","0","8"
"что делать если оставил на следуший день деталь которую покрасил но не залачено авто","2","0","7"
"как написать заявление о мошенничестве подрядчика при подмене материалов при строительстве дома","1","0","11"
"претензия об утере посылки в яндекс доставке","1","0","12"
"яндекс доставка потеряла покупку сделанную в рандевупарфюм. как подать в суд что не аозвращают деньги га иагазин или на доставку","1","0","11"
"что делать если яндекс доставка потеряла посылку и в чате отвечает шаблонно","1","0","7"
"проверить статус претензии яндекс по номеру","1","0","15"
"может ли потеряться посылка яндекс доставкой?","1","0","12"
"что делать если потеряли вещи в яндекс доставке","1","0","10"
"сколько стоят услуги юриста с плохой покраской автомобиля","1","0","11"
"можно ли расторгнуть договор с подрядчиком если он не построил дом","1","0","3"
"как отписаться на дефекты по покраске","1","0","3"
"что делать если полиция не отвечает на заявление о краже","1","0","10"
"если подрядчик не построил дом а деньги списали","1","0","2"
"очень плохая покраска автомобиля что делать","1","0","11"
"нужно ли в заявлении раскрывать цвет материал украденного имущества","1","0","11"
"яндекс доставка потеряла посылку досудебка","1","0","12"
"испортили авто при покраске нужно ли вызывать полицию","1","1","18"
"лопнула и отслоилась в некоторых местах краска на капоте после покраски через полгода чья вина за чей счёт переделка","1","0","10"
"как отписаться на дефекты по покраске исправление","1","0","2"
"кто то добился правосудия от потерь посылок через яндекс доставку?","1","0","7"
"примут ли заявление на строителей которые не строят уже полгода","1","0","8"
"яндекс доставка как получить компенсацию за утерянную посылку если нет чеков и других документов о покупке","1","1","7"
"плохо покрасили авто что делать к кому обращаться","1","0","6"
"как в яндекс доставке получить чек","1","0","9"
"как вернуть деньги за незаконченное строительство при ликвидации подрядчика","1","0","11"
"плохо покрасил машину","1","0","5"
"плохо покрасили в салоне можно потребовать перекрасить бесплатно","1","0","9"
"яндекс претензия на розыск","1","0","10"
"кто-нибудь судился с яндексом из за потери посылки","1","0","12"
"отдал автомобиль на покраску после приёма не устроило качество","1","0","11"
"досудебная претензия яндекс доставка чтобы нашли посылку","1","0","11"
"пропала посылка на яндекс доставке что делать","1","0","11"
"досудебный юрист","1","0","16"
"что делать если объявление о продаже оказалось фейком и после перевода денег все пропали","1","0","11"
"автомаляр омск плохо подобрали цвет куда жаловаться","1","0","10"
"какая компенсация предусмотрена по защите прав потребителя за просрочку строительства дома ижс","1","0","10"
"что делать если плохо покрасили машину заплатками","1","0","4"
"кредит на строительство дома подрядчик не построил дом что делать заемщику","1","0","12"
"что делать если в яндекс доставке по межгороду потерялась посылка","1","0","10"
"яндекс доставка потеряли посылку что делать","1","0","11"
"алиса если заключен договор на строительство дома, подрядчик строительство не ведет а договор еще действует мои действия?","1","1","1"
"я подрядчик ижс, хочу вернуть средства и не достраивать дом","1","0","4"
"можно ди взыскать стоиомтсь недоделаннгнх работ с подрядчика, если обещал построитеь дом, но сделал только фундамент","1","0","13"
"переуступка прав на макет дизайн презентация","1","2","4"
"условия возврата денег если посылка яндекс доставкой потерялась","1","0","10"
"что делать если оставил на следуший день деталь которую покрасил но не залачил","1","0","6"
"как написать досудебную претензию на яндекс доставку","1","0","19"
"яндекс доставка потерял посылку куда обращаться сентябрь 2026","1","1","15"
"шевчук м ю","1","0","7"
"юрист юрьевич","1","0","9"
"можно ли вернуть деньги за некачественную покраску авто","1","0","6"
"что делать если плохо покрашен автомобиль","1","0","8"
"можно ли запретить дизайнеру использовать оплаченную работу в портфолио","1","0","12"
"получить чек по номеру яндекс доставки","1","0","11"
"что делать если есть дефекты покраски автомобиля после покупки","1","0","11"
"яндекс доставка потеряла часть заказа предлагают маленькую выплату что делать","1","0","10"
"куда обращаться если некачественно покрасили автомобиль","1","0","9"
"покрасили некачественно могу ли я вернуть деньги и потребовать возместить траты на исправление работы","1","0","9"
"исключительные права дизайнер заказчик","1","0","11"
"как подписывают авторство инфографики","1","0","2"
"подрядчик не исполнил обязательство дом не построил как оспорить повышение ставки","1","0","25"
"яндекс доставка страхование","1","0","10"
"яндекс доставка потеряла заказ","1","0","11"
"деньги вщяли авто покрасили плохо что делать","1","0","4"
